"","id","x"
"1",1,0.527885041665286
"2",1,0.941509603289887
"3",1,0.148946444038302
"4",1,0.589121523778886
"5",1,0.878276449628174
