"","id","x"
"1",2,0.178157206624746
"2",2,0.47083354764618
"3",2,0.141462349332869
"4",2,0.0993826135527343
"5",2,0.290351454168558
