"","id","x"
"1",3,0.245475998381153
"2",3,0.722559324000031
"3",3,0.53627455397509
"4",3,0.299001172650605
"5",3,0.199700410012156
